{
  "assetsByChunkName": {
    "vendors~app-account~app-confirmation~app-order": "chunk.cd4fb99c54df377a11ac.js",
    "vendors~app-account~app-checkout": "chunk.9dee4a0c7eb441f80bb3.js",
    "vendors~app-cart~app-checkout": "chunk.340498c3daf4c541eae7.js",
    "admin": [
      "admin.e29c31772f555e12eb28.js",
      "admin.e29c31772f555e12eb28.js.map"
    ],
    "app-account": "chunk.2ab5f2ffb1ba088abc0b.js",
    "app-checkout": "chunk.04c3a3c85aefde290233.js",
    "app-confirmation": "chunk.1610936d24d662919386.js",
    "checkout": [
      "checkout.1b787a6f413a23924037.js",
      "checkout.1b787a6f413a23924037.js.map"
    ],
    "storefront": [
      "storefront.a9acc121182f0378282a.css",
      "storefront.28783924da94fa39937c.js",
      "storefront.a9acc121182f0378282a.css.map",
      "storefront.28783924da94fa39937c.js.map"
    ],
    "vendors~app-cart": "chunk.5e1cfa0a6c0efa0b7b1b.js",
    "vendors~app-order": "chunk.50cb435ce10a60b668e6.js"
  }
}