{
  "categories_list": {
    "featured": [
      "/hardt?HARDT",
      "/rometal?ROMETAL",
      "/joeline?JOELINE",
      "/thor-coleman?THOR COLEMAN"
    ],
    "random": 4,
    "full_width": true
  },
  "menu_all_departments": false,
  "centralized_logo": true,
  "marketing_stripe": {
    "text": "Seja um assinante e tenha acesso a esses preços !!",
    "link": "",
    "background": "#ff3c3c",
    "color": "#fff300"
  },
  "alphabetical_order_submenu": false,
  "name_all_departments": "",
  "search_input": true,
  "desktop_megamenu": false,
  "full_width_submenu": false,
  "contacts_stripe": {
    "pages": [
      {
        "title": "Sobre nós",
        "link": "/pages/sobre-nos"
      },
      {
        "title": "Esta loja é um PWA",
        "link": "/posts/esta-loja-e-um-pwa"
      }
    ],
    "phone_wpp": false,
    "socials": true
  }
}